<?xml version="1.0"?>
<doc>
    <assembly>
        <name>MiddleStack.Profiling</name>
    </assembly>
    <members>
        <member name="T:MiddleStack.Profiling.Events.ProfilerEventType">
            <summary>
                Provides enumerated values indicating the type of profiler event 
                being raised.
            </summary>
        </member>
        <member name="F:MiddleStack.Profiling.Events.ProfilerEventType.TransactionStart">
            <summary>
                A transaction has started. The event's type is <see cref="T:MiddleStack.Profiling.Events.ITransactionStartEvent"/>.
            </summary>
        </member>
        <member name="F:MiddleStack.Profiling.Events.ProfilerEventType.TransactionFinish">
            <summary>
                A transaction has finished. The event's type is <see cref="T:MiddleStack.Profiling.Events.ITransactionFinishEvent"/>.
            </summary>
        </member>
        <member name="F:MiddleStack.Profiling.Events.ProfilerEventType.StepStart">
            <summary>
                A step has started. The event's type is <see cref="T:MiddleStack.Profiling.Events.IStepStartEvent"/>.
            </summary>
        </member>
        <member name="F:MiddleStack.Profiling.Events.ProfilerEventType.StepFinish">
            <summary>
                A step has finished. The event's type is <see cref="T:MiddleStack.Profiling.Events.IStepFinishEvent"/>.
            </summary>
        </member>
        <member name="T:MiddleStack.Profiling.Events.IProfilerEventSubscriberAsync">
            <summary>
                Implement this interface to handle step events raised by <see cref="T:MiddleStack.Profiling.ILiveProfiler"/>.
                Use <see cref="T:MiddleStack.Profiling.Events.IProfilerEventSubscriber"/> if the handler logic contains synchronous code.
            </summary>
        </member>
        <member name="M:MiddleStack.Profiling.Events.IProfilerEventSubscriberAsync.HandleEventAsync(MiddleStack.Profiling.Events.IProfilerEvent)">
            <summary>
                Handles an event that just occurred on a profled transaction or step.
                The events are guaranteed to come in the correct order, and this method will only be
                called serially.
            </summary>
            <remarks>
                The handler should do its own exception handling. Any unhandled exception is swallowed.
            </remarks>
            <param name="stepEvent">
                The <see cref="T:MiddleStack.Profiling.Events.IProfilerEvent"/> object encapsulating the event. Never <see langword="null"/>.
            </param>
            <returns>
                A <see cref="T:System.Threading.Tasks.Task"/> that completes when this method completes.
                Never <see langword="null"/>.
            </returns>
        </member>
        <member name="M:MiddleStack.Profiling.Events.IProfilerEventSubscriberAsync.Start">
            <summary>
                A method that is invoked when LiveProfiler is ready to dispatch events to this instance.
            </summary>
        </member>
        <member name="M:MiddleStack.Profiling.Events.IProfilerEventSubscriberAsync.Stop">
            <summary>
                A method that is invoked when LiveProfiler has stopped sending events to this instance,
                such as when this instance has been detached from LiveProfiler by calling 
                <see cref="M:MiddleStack.Profiling.ILiveProfiler.UnregisterEventSubscriber(MiddleStack.Profiling.Events.IProfilerEventSubscriberAsync)"/>.
            </summary>
        </member>
        <member name="T:MiddleStack.Profiling.Events.ITransactionFinishEvent">
            <summary>
                An event that is raised when a transaction finishes.
            </summary>
        </member>
        <member name="P:MiddleStack.Profiling.Events.ITransactionFinishEvent.CorrelationId">
            <summary>
                Gets the identifier that can associate this transaction with other transactions.
            </summary>
            <value>
                A <see cref="T:System.String"/> that provides the correlation Id, <see langword="null"/> if unspecified.
            </value>
        </member>
        <member name="P:MiddleStack.Profiling.Events.ITransactionFinishEvent.Duration">
            <summary>
                Gets the duration of this transaction, if it's already finished.
            </summary>
            <value>
                A <see cref="T:System.TimeSpan"/> value providing the duration of this transaction.
            </value>
        </member>
        <member name="P:MiddleStack.Profiling.Events.ITransactionFinishEvent.IsSuccess">
            <summary>
                Gets whether this transaction was successful.
            </summary>
            <value>
                <see langword="true"/> if this transaction was successful. 
                <see langword="false"/> if this transaction failed.
            </value>
        </member>
        <member name="P:MiddleStack.Profiling.Events.ITransactionFinishEvent.Result">
            <summary>
                Gets the result with which this transaction finished.
            </summary>
            <value>
                A simple object encapsulating the result of this transaction.
            </value>
        </member>
        <member name="T:MiddleStack.Profiling.Events.IStepFinishEvent">
            <summary>
                An event that is raised when a transaction finishes.
            </summary>
        </member>
        <member name="P:MiddleStack.Profiling.Events.IStepFinishEvent.Duration">
            <summary>
                Gets the duration of this transaction, if it's already finished.
            </summary>
            <value>
                A <see cref="T:System.TimeSpan"/> value providing the duration of this step.
            </value>
        </member>
        <member name="P:MiddleStack.Profiling.Events.IStepFinishEvent.IsSuccess">
            <summary>
                Gets whether this step was successful.
            </summary>
            <value>
                <see langword="true"/> if this step was successful. 
                <see langword="false"/> if this step failed.
            </value>
        </member>
        <member name="P:MiddleStack.Profiling.Events.IStepFinishEvent.Result">
            <summary>
                Gets the result with which this step finished.
            </summary>
            <value>
                A simple object encapsulating the result of this step.
            </value>
        </member>
        <member name="T:MiddleStack.Profiling.Events.ITransactionStartEvent">
            <summary>
                An event that is fired when a transaction starts.
            </summary>
        </member>
        <member name="P:MiddleStack.Profiling.Events.ITransactionStartEvent.CorrelationId">
            <summary>
                Gets the identifier that can associate this transaction with other transactions.
            </summary>
            <value>
                A <see cref="T:System.String"/> that provides the correlation Id, <see langword="null"/> if unspecified.
            </value>
        </member>
        <member name="T:MiddleStack.Profiling.Events.IStepStartEvent">
            <summary>
                An event that is fired when a step starts.
            </summary>
        </member>
        <member name="P:MiddleStack.Profiling.Events.IStepStartEvent.ParentId">
            <summary>
                Gets the name of the parent step. This could be the Id of the transaction.
            </summary>
            <value>
                A <see cref="T:System.Guid"/> that is the unique identifier for the parent step.
            </value>
        </member>
        <member name="P:MiddleStack.Profiling.Events.IStepStartEvent.RelativeStart">
            <summary>
                Gets the time at which this step was started, relative to the 
                starting time of the entire transaction. 
            </summary>
            <value>
                A <see cref="T:System.TimeSpan"/> value indicating the relative time at which this 
                step was started. 
            </value>
        </member>
        <member name="T:MiddleStack.Profiling.Events.IProfilerEvent">
            <summary>
                Encapsulates an event that has occurred on a transaction or step.
            </summary>
        </member>
        <member name="P:MiddleStack.Profiling.Events.IProfilerEvent.Type">
            <summary>
                Gets the type of event this is. Each event type has a unique interface type
                that derives from <see cref="T:MiddleStack.Profiling.Events.IProfilerEvent"/>.
            </summary>
            <value>
                A <see cref="T:MiddleStack.Profiling.Events.ProfilerEventType"/> value, corresponding to the specific type of
                interface this instance implements.
            </value>
        </member>
        <member name="P:MiddleStack.Profiling.Events.IProfilerEvent.Id">
            <summary>
                Gets the unique identifier of a transaction or step.
            </summary>
            <value>
                A <see cref="T:System.Guid"/> that is the unique identifier of this transaction or step.
            </value>
        </member>
        <member name="P:MiddleStack.Profiling.Events.IProfilerEvent.Category">
            <summary>
                Gets the category of the transaction or step. 
            </summary>
            <remarks>
                <para>The category is a string that  
                can be used to categorize many transactions/steps of the same type. For example, "MSSQL" is
                the category for all Microsoft SQL Server queries, "HTTP" is the category for
                all HTTP calls.</para>
            </remarks>
            <value>
                A <see cref="T:System.String"/> providing the category of the step.
            </value>
        </member>
        <member name="P:MiddleStack.Profiling.Events.IProfilerEvent.Parameters">
            <summary>
                Gets the parameters with which this transaction or step was 
                initialized.
            </summary>
            <value>
                A simple object encapsulating the parameters of this transaction or step.
            </value>
        </member>
        <member name="P:MiddleStack.Profiling.Events.IProfilerEvent.Name">
            <summary>
                Gets the name of this transaction or step. The name
                does not contain any instance-specific values, such as entity ids. Such values
                are found in the <see cref="P:MiddleStack.Profiling.Events.IProfilerEvent.Parameters"/> object.
            </summary>
            <value>
                A <see cref="T:System.String"/> providing the name of this transaction or step.
            </value>
        </member>
        <member name="P:MiddleStack.Profiling.Events.IProfilerEvent.DisplayName">
            <summary>
                Gets the optional display name of this transaction or step. This name is distinguished
                from <see cref="P:MiddleStack.Profiling.Events.IProfilerEvent.Name"/> in that it may contain some instance specific values 
                from <see cref="P:MiddleStack.Profiling.Events.IProfilerEvent.Parameters"/>.
            </summary>
            <value>
                A <see cref="T:System.String"/> providing the display name of this transaction or step.
            </value>
        </member>
        <member name="P:MiddleStack.Profiling.Events.IProfilerEvent.Start">
            <summary>
                Gets the absolute date/time at which this transaction or step was started.
            </summary>
            <value>
                A <see cref="T:System.DateTimeOffset"/> value indicating the absolute date/time at which this 
                transaction or step was started.
            </value>
        </member>
        <member name="M:MiddleStack.Profiling.Events.IProfilerEvent.GetTransactionSnapshot">
            <summary>
                Gets a snapshot of the entire transaction, at the time of this event.
            </summary>
            <returns>
                A snapshot of the transaction at the time of this event. Never <see langword="null"/>.
            </returns>
        </member>
        <member name="T:MiddleStack.Profiling.Events.IProfilerEventSubscriber">
            <summary>
                Implement this interface to handle step events raised by <see cref="T:MiddleStack.Profiling.ILiveProfiler"/>.
                Use <see cref="T:MiddleStack.Profiling.Events.IProfilerEventSubscriberAsync"/> if the handler logic contains asynchronous code.
            </summary>
        </member>
        <member name="M:MiddleStack.Profiling.Events.IProfilerEventSubscriber.HandleEvent(MiddleStack.Profiling.Events.IProfilerEvent)">
            <summary>
                Handles an event that just occurred on a profled transaction or step.
                The events are guaranteed to come in the correct order, and this method will only be
                called serially.
            </summary>
            <remarks>
                The handler should do its own exception handling. Any unhandled exception is swallowed.
            </remarks>
            <param name="stepEvent">
                The <see cref="T:MiddleStack.Profiling.Events.IProfilerEvent"/> object encapsulating the event. Never <see langword="null"/>.
                This value could be one of the following types:
                <list type="bullet">
                    <item><see cref="T:MiddleStack.Profiling.Events.ITransactionStartEvent"/></item>
                    <item><see cref="T:MiddleStack.Profiling.Events.ITransactionFinishEvent"/></item>
                    <item><see cref="T:MiddleStack.Profiling.Events.IStepStartEvent"/></item>
                    <item><see cref="T:MiddleStack.Profiling.Events.IStepFinishEvent"/></item>
                </list>
            </param>
        </member>
        <member name="M:MiddleStack.Profiling.Events.IProfilerEventSubscriber.Start">
            <summary>
                A method that is invoked when LiveProfiler is ready to dispatch events to this instance.
            </summary>
        </member>
        <member name="M:MiddleStack.Profiling.Events.IProfilerEventSubscriber.Stop">
            <summary>
                A method that is invoked when LiveProfiler has stopped sending events to this instance,
                such as when this instance has been detached from LiveProfiler by calling 
                <see cref="M:MiddleStack.Profiling.ILiveProfiler.UnregisterEventSubscriber(MiddleStack.Profiling.Events.IProfilerEventSubscriber)"/>.
            </summary>
        </member>
        <member name="T:MiddleStack.Profiling.IProfilerContext">
            <summary>
                Provides the present context of LiveProfiler on the current thread.
            </summary>
        </member>
        <member name="P:MiddleStack.Profiling.IProfilerContext.CurrentTiming">
            <summary>
                Gets the inflight transaction or step in the current context.
            </summary>
            <value>
                Either a <see cref="T:MiddleStack.Profiling.ITransactionInfo"/> or <see cref="T:MiddleStack.Profiling.IStepInfo"/> instance, if 
                either a step or transaction is inflight in the current context. If there's
                no transaction or step active, <see langword="null"/>.
            </value>
        </member>
        <member name="T:MiddleStack.Profiling.IStepInfo">
            <summary>
                Provides read-only real-time information about a step.
            </summary>
        </member>
        <member name="P:MiddleStack.Profiling.IStepInfo.RelativeStart">
            <summary>
                Gets the time at which this step was started, relative to the 
                starting time of the entire transaction. If this is a transaction rather than 
                a step, this value is always <see cref="F:System.TimeSpan.Zero"/>.
            </summary>
            <value>
                A <see cref="T:System.TimeSpan"/> value indicating the relative time at which this 
                step was started.
            </value>
        </member>
        <member name="T:MiddleStack.Profiling.ITimingInfo">
            <summary>
                Provides real-time information about a transaction or step.
                Derivatives are <see cref="T:MiddleStack.Profiling.ITransactionInfo"/> and <see cref="T:MiddleStack.Profiling.IStepInfo"/>.
            </summary>
        </member>
        <member name="P:MiddleStack.Profiling.ITimingInfo.Type">
            <summary>
                Gets whether this timing is a transaction or a step.
            </summary>
            <value>
                A <see cref="T:MiddleStack.Profiling.TimingType"/> value.
            </value>
        </member>
        <member name="P:MiddleStack.Profiling.ITimingInfo.Id">
            <summary>
                Gets the category of the transaction or step. 
            </summary>
            <remarks>
                <para>The step category is a string that  
                can be used to categorize many steps of the same type. For example, "MSSQL" is
                the category for all Microsoft SQL Server queries, "HTTP" is the category for
                all HTTP calls.</para>
            </remarks>
            <value>
                A <see cref="T:System.String"/> providing the category of the transaction or step.
            </value>
        </member>
        <member name="P:MiddleStack.Profiling.ITimingInfo.Category">
            <summary>
                Gets the category of the transaction or step. 
            </summary>
            <remarks>
                <para>The step category is a string that  
                can be used to categorize many steps of the same type. For example, "MSSQL" is
                the category for all Microsoft SQL Server queries, "HTTP" is the category for
                all HTTP calls.</para>
            </remarks>
            <value>
                A <see cref="T:System.String"/> providing the category of the transaction or step.
            </value>
        </member>
        <member name="P:MiddleStack.Profiling.ITimingInfo.Name">
            <summary>
                Gets the name of this transaction. The name
                does not contain any instance-specific values, such as entity ids. Such values
                are found in the <see cref="P:MiddleStack.Profiling.ITimingInfo.Parameters"/> object.
            </summary>
            <value>
                A <see cref="T:System.String"/> providing the name of this transaction or step.
            </value>
        </member>
        <member name="P:MiddleStack.Profiling.ITimingInfo.DisplayName">
            <summary>
                Gets the display name of this transaction. This name is distinguished
                from <see cref="P:MiddleStack.Profiling.ITimingInfo.Name"/> in that it may contain some instance specific values 
                from <see cref="P:MiddleStack.Profiling.ITimingInfo.Parameters"/>.
            </summary>
            <value>
                A <see cref="T:System.String"/> providing the name of this transaction or step.
            </value>
        </member>
        <member name="P:MiddleStack.Profiling.ITimingInfo.Parameters">
            <summary>
                Gets the parameters with which this transaction or step was 
                initialized.
            </summary>
            <value>
                A simple object encapsulating the parameters of this transaction or step.
            </value>
        </member>
        <member name="P:MiddleStack.Profiling.ITimingInfo.Result">
            <summary>
                Gets the result with which this transaction or step finished.
            </summary>
            <value>
                A simple object encapsulating the result of this transaction or step.
            </value>
        </member>
        <member name="P:MiddleStack.Profiling.ITimingInfo.Start">
            <summary>
                Gets the absolute date/time at which this step was started.
            </summary>
            <value>
                A <see cref="T:System.DateTimeOffset"/> value indicating the absolute date/time at which this 
                step was started.
            </value>
        </member>
        <member name="P:MiddleStack.Profiling.ITimingInfo.Duration">
            <summary>
                Gets the duration of this transaction or step, whether or not it's finished executing,
                inclusive of the duration of child steps. For the time consumed by this step's own code,
                use <see cref="P:MiddleStack.Profiling.ITimingInfo.OwnDuration"/>.
            </summary>
            <value>
                A <see cref="T:System.TimeSpan"/> value providing the duration of this transaction/step.
            </value>
        </member>
        <member name="P:MiddleStack.Profiling.ITimingInfo.OwnDuration">
            <summary>
                Gets the duration of this transaction or step, whether or not it's finished executing,
                exclusive of the duration of the child steps.
            </summary>
            <value>
                A <see cref="T:System.TimeSpan"/> value providing the time consumed by own code of this transaction/step
                exclusive of child stepss.
            </value>
        </member>
        <member name="P:MiddleStack.Profiling.ITimingInfo.State">
            <summary>
                Gets the state of this transaction or state.
            </summary>
            <value>
                A <see cref="T:MiddleStack.Profiling.TransactionState"/> value.
            </value>
        </member>
        <member name="T:MiddleStack.Profiling.ITransactionInfo">
            <summary>
                Provides read-only real-time information about a transaction.
            </summary>
        </member>
        <member name="P:MiddleStack.Profiling.ITransactionInfo.CorrelationId">
            <summary>
                Gets the identifier that can associate this transaction with other transactions.
            </summary>
            <value>
                A <see cref="T:System.String"/> that provides the correlation Id, <see langword="null"/> if unspecified.
            </value>
        </member>
        <member name="T:MiddleStack.Profiling.Testing.LiveProfilerTestingExtensions">
            <summary>
                Extension methods for <see cref="T:MiddleStack.Profiling.ILiveProfiler"/> that are exclusively for use in unit and integration tests.
            </summary>
        </member>
        <member name="M:MiddleStack.Profiling.Testing.LiveProfilerTestingExtensions.TestingReset(MiddleStack.Profiling.ILiveProfiler)">
            <summary>
                Clears all transactions, both inflight and recent, from the specified <see cref="T:MiddleStack.Profiling.ILiveProfiler"/>
                instance. For use in tests only.
            </summary>
            <param name="profiler">
                The profiler to reset. 
            </param>
            <exception cref="T:System.ArgumentNullException">
                The argument <paramref name="profiler"/> is <see langword="null"/>.
            </exception>
        </member>
        <member name="T:MiddleStack.Profiling.TimingType">
            <summary>
                Provides enumerated values indicating whether a timing is 
                a transaction or a step.
            </summary>
        </member>
        <member name="F:MiddleStack.Profiling.TimingType.Transaction">
            <summary>
                The timing is a transaction.
            </summary>
        </member>
        <member name="F:MiddleStack.Profiling.TimingType.Step">
            <summary>
                The timing is a step within a transaction or another step.
            </summary>
        </member>
        <member name="T:MiddleStack.Profiling.TransactionMode">
            <summary>
                Provides enumerated values indicating how to create a new transaction.
            </summary>
        </member>
        <member name="F:MiddleStack.Profiling.TransactionMode.New">
            <summary>
                Create a new transaction if there's no inflight transaction.
                If there is an inflight transaction, throw an <see cref="T:System.InvalidOperationException"/>.
            </summary>
        </member>
        <member name="F:MiddleStack.Profiling.TransactionMode.Replace">
            <summary>
                Create a new transaction if there is no inflight transaction.
                If there is an inflight transaction, replace it with a new transaction.
            </summary>
        </member>
        <member name="F:MiddleStack.Profiling.TransactionMode.StepOrTransaction">
            <summary>
                Create a new transaction if there is no inflight transaction.
                If there is a transaction, create a step under it instead.
            </summary>
        </member>
        <member name="T:MiddleStack.Profiling.TransactionState">
            <summary>
                Indicates the outcome of a transaction or step.
            </summary>
        </member>
        <member name="F:MiddleStack.Profiling.TransactionState.Inflight">
            <summary>
                The transaction or step is still inflight.
            </summary>
        </member>
        <member name="F:MiddleStack.Profiling.TransactionState.Success">
            <summary>
                The transaction or step completed successfully.
            </summary>
        </member>
        <member name="F:MiddleStack.Profiling.TransactionState.Failure">
            <summary>
                The transaction or step completed with failure.
            </summary>
        </member>
        <member name="T:MiddleStack.Profiling.LiveProfiler">
            <summary>
                Profiles code in a thread-safe manner that supports asynchrony and 
                concurrency.
            </summary>
        </member>
        <member name="P:MiddleStack.Profiling.LiveProfiler.Instance">
            <summary>
                Gets the singleton instance of <see cref="T:MiddleStack.Profiling.ILiveProfiler"/>.
            </summary>
            <value>
                The singleton instance of <see cref="T:MiddleStack.Profiling.ILiveProfiler"/>.
                Never <see langword="null"/>.
            </value>
        </member>
        <member name="T:MiddleStack.Profiling.ITiming">
            <summary>
                Represents a transaction or step in transaction. When this object is disposed, or when
                either <see cref="M:MiddleStack.Profiling.ITiming.Success(System.Object)"/> or <see cref="M:MiddleStack.Profiling.ITiming.Failure(System.Object)"/> is invoked, 
                the step is marked as complete, along with all of its outstanding child steps.
            </summary>
        </member>
        <member name="M:MiddleStack.Profiling.ITiming.Success(System.Object)">
            <summary>
                Marks this transaction/step as successfully completed, with the specified result object.
            </summary>
            <remarks>
                <para>Disposing the object also markes the transaction/step as successfully completed,
                only without a result object.</para>
                <para>If this instance is already complete, no action is taken.</para>
            </remarks>
            <param name="result">
                Optional. A simple serializable object that encapsulates the result of this transaction/step.
                This object must be effectively immutable--its state must not change after this method is
                called.
            </param>
        </member>
        <member name="M:MiddleStack.Profiling.ITiming.Failure(System.Object)">
            <summary>
                Marks this transaction/step as unsuccessfully completed, with the specified result object.
            </summary>
            <remarks>
                If this instance is already complete, no action is taken.
            </remarks>
            <param name="result">
                Optional. A simple serializable object, or an exception object, that encapsulates the reason 
                that this transaction/step failed. 
            </param>
        </member>
        <member name="M:MiddleStack.Profiling.ITiming.GetTransactionSnapshot">
            <summary>
                Gets the snap shot of the transaction state.
            </summary>
            <returns>
                A <see cref="T:MiddleStack.Profiling.TransactionSnapshot"/> object of the transaction state.
                Never <see langword="null"/>.
            </returns>
        </member>
        <member name="P:MiddleStack.Profiling.ITiming.State">
            <summary>
                Gets the state of this transaction or step.
            </summary>
            <value>
                A <see cref="T:MiddleStack.Profiling.TransactionState"/> value indicating the state
                of this transaction or step.
            </value>
        </member>
        <member name="T:MiddleStack.Profiling.SnapshotBase">
            <summary>
                Represents snapshot of a profiled transaction or a step within a transaction,
                at a particular moment in time.
            </summary>
        </member>
        <member name="P:MiddleStack.Profiling.SnapshotBase.Id">
            <summary>
                Gets or sets the unique identifier of a transaction or step.
            </summary>
            <value>
                A <see cref="T:System.Guid"/> that is the unique identifier of this transaction or step.
            </value>
        </member>
        <member name="P:MiddleStack.Profiling.SnapshotBase.Category">
            <summary>
                Gets or sets the category of the transaction or step. 
            </summary>
            <remarks>
                <para>The step category is a string that  
                can be used to categorize many steps of the same type. For example, "MSSQL" is
                the category for all Microsoft SQL Server queries, "HTTP" is the category for
                all HTTP calls.</para>
            </remarks>
            <value>
                A <see cref="T:System.String"/> providing the category of the transaction or step.
            </value>
        </member>
        <member name="P:MiddleStack.Profiling.SnapshotBase.Name">
            <summary>
                Gets or sets the name of this transaction. The name
                does not contain any instance-specific values, such as entity ids. Such values
                are found in the <see cref="P:MiddleStack.Profiling.SnapshotBase.Parameters"/> object.
            </summary>
            <value>
                A <see cref="T:System.String"/> providing the name of this transaction or step.
            </value>
        </member>
        <member name="P:MiddleStack.Profiling.SnapshotBase.DisplayName">
            <summary>
                Gets or sets the display name of this transaction. This name is distinguished
                from <see cref="P:MiddleStack.Profiling.SnapshotBase.Name"/> in that it may contain some instance specific values 
                from <see cref="P:MiddleStack.Profiling.SnapshotBase.Parameters"/>.
            </summary>
            <value>
                A <see cref="T:System.String"/> providing the name of this transaction or step.
            </value>
        </member>
        <member name="P:MiddleStack.Profiling.SnapshotBase.Parameters">
            <summary>
                Gets or sets the parameters with which this transaction or step was 
                initialized.
            </summary>
            <value>
                A simple object encapsulating the parameters of this transaction or step.
            </value>
        </member>
        <member name="P:MiddleStack.Profiling.SnapshotBase.Result">
            <summary>
                Gets or sets the result with which this transaction or step finished.
            </summary>
            <value>
                A simple object encapsulating the result of this transaction or step.
            </value>
        </member>
        <member name="P:MiddleStack.Profiling.SnapshotBase.Start">
            <summary>
                Gets or sets the absolute date/time at which this step was started.
            </summary>
            <value>
                A <see cref="T:System.DateTimeOffset"/> value indicating the absolute date/time at which this 
                step was started.
            </value>
        </member>
        <member name="P:MiddleStack.Profiling.SnapshotBase.Duration">
            <summary>
                Gets or sets the duration of this transaction or step, whether or not it's finished executing,
                inclusive of the duration of child steps. For the time consumed by this step's own code,
                use <see cref="P:MiddleStack.Profiling.SnapshotBase.OwnDuration"/>.
            </summary>
            <value>
                A <see cref="T:System.TimeSpan"/> value providing the duration of this transaction/step.
            </value>
        </member>
        <member name="P:MiddleStack.Profiling.SnapshotBase.OwnDuration">
            <summary>
                Gets or sets the duration of this transaction or step, whether or not it's finished executing,
                exclusive of the duration of the child steps.
            </summary>
            <value>
                A <see cref="T:System.TimeSpan"/> value providing the time consumed by own code of this transaction/step
                exclusive of child stepss.
            </value>
        </member>
        <member name="P:MiddleStack.Profiling.SnapshotBase.State">
            <summary>
                Gets or sets the state of this transaction or state.
            </summary>
            <value>
                A <see cref="T:MiddleStack.Profiling.TransactionState"/> value.
            </value>
        </member>
        <member name="P:MiddleStack.Profiling.SnapshotBase.Steps">
            <summary>
                Gets or sets the child steps of this transaction or step.
            </summary>
            <value>
                An array of non-empty child steps if this transaction/step has children.
                Otherwise, <see langword="null"/>.
            </value>
        </member>
        <member name="T:MiddleStack.Profiling.ILiveProfiler">
            <summary>
                Provides async-safe profiling functionalities to calling code.
            </summary>
        </member>
        <member name="M:MiddleStack.Profiling.ILiveProfiler.Step(System.String,System.String,System.String,System.Object,System.Func{MiddleStack.Profiling.IProfilerContext,System.Boolean})">
            <summary>
                Start a new step. If there is currently an inflight step, the new step 
                will be added as a child step to that step. If there is no inflight step
                in the current context, nothing is done.
            </summary>
            <param name="category">
                The category to which the step belongs. The step category is a string that  
                can be used to categorize many steps of the same type. For example, "MSSQL" is
                the category for all Microsoft SQL Server queries, "HTTP" is the category for
                all HTTP calls.
            </param>
            <param name="name">
                <para>An identifier for the step. It should not contain volatile data such as entity Ids,
                    which should be placed in <paramref name="parameters"/>. The following name for an HTTP 
                    call is an ideal example, in which volatile data is replaced with placeholders.</para>
                <code>
                    GET http://acme.com/api/v1.0/users/{UserId}/settings/{SettingId}
                </code>
            </param>
            <param name="displayName">
                <para>Optional. An identifier for the step that, unlike <paramref name="name"/> may contain 
                    some or all of the volatile data from <paramref name="parameters"/>. For example:</para>
                <code>
                    GET http://acme.com/api/v1.0/users/123/settings/456
                </code>
            </param>
            <param name="parameters">
                Optional. The parameters with which this step is initialized. This should be a simple object
                that is JSON-serializable, and its state should not change after this call.
            </param>
            <param name="predicate">
                A predicate that can be used to determine whether a step is actually created. If specified and
                returns <see langword="false"/> no step is created, and the return value is a placeholder instance
                that doesn't do anything. If specified and returns <see langword="true"/> the step is created as 
                normal.
            </param>
            <returns>
                An <see cref="T:MiddleStack.Profiling.ITiming"/> object which, when disposed, marks this step as finished.
                It can also be used to access the current state of the transaction. If no step is created, 
                an <see cref="T:MiddleStack.Profiling.ITiming"/> that does nothing is returned.
            </returns>
            <exception cref="T:System.ArgumentNullException">
                <para>The argument <paramref name="category"/> is <see langword="null"/> or empty.</para>
                <para>-or-</para>
                <para>The argument <paramref name="name"/> is <see langword="null"/> or empty.</para>
            </exception>
        </member>
        <member name="M:MiddleStack.Profiling.ILiveProfiler.Transaction(System.String,System.String,System.String,System.Object,System.String,MiddleStack.Profiling.TransactionMode)">
            <summary>
                Start a new transaction, if there is no inflight transaction.  If there is already an inflight exception
                in the present context, an exception is thrown.
            </summary>
            <param name="category">
                The category to which the transaction belongs. The transaction category is a string that  
                can be used to categorize many transactions of the same type. For example, "MSSQL" is
                the category for all Microsoft SQL Server queries, "HTTP" is the category for
                all HTTP calls.
            </param>
            <param name="name">
                <para>An identifier for the transaction. It should not contain volatile data such as entity Ids,
                    which should be placed in <paramref name="parameters"/>. The following name for an HTTP 
                    call is an ideal example, in which volatile data is replaced with placeholders.</para>
                <code>
                    GET http://acme.com/api/v1.0/users/{UserId}/settings/{SettingId}
                </code>
            </param>
            <param name="displayName">
                <para>Optional. An identifier for the transaction that, unlike <paramref name="name"/> may contain 
                    some or all of the volatile data from <paramref name="parameters"/>. For example:</para>
                <code>
                    GET http://acme.com/api/v1.0/users/123/settings/456
                </code>
            </param>
            <param name="parameters">
                Optional. The parameters with which this transaction is initialized. This should be a simple object
                that is JSON-serializable, and its state should not change after this call.
            </param>
            <param name="correlationId">
                An identifier that can associate multiple transactions. Optional.
            </param>
            <param name="mode">
                Indicates how the transaction is to be created. The default is <see cref="F:MiddleStack.Profiling.TransactionMode.New"/>.
            </param>
            <returns>
                An <see cref="T:MiddleStack.Profiling.ITiming"/> object which, when disposed, marks this transaction as finished.
                It can also be used to access the current state of the transaction.
                Never <see langword="null"/>.
            </returns>
            <exception cref="T:System.ArgumentNullException">
                <para>The argument <paramref name="category"/> is <see langword="null"/> or empty.</para>
                <para>-or-</para>
                <para>The argument <paramref name="name"/> is <see langword="null"/> or empty.</para>
            </exception>
            <exception cref="T:System.InvalidOperationException">
                There is already an inflight transaction in the current context, and <paramref name="mode"/>
                is <see cref="F:MiddleStack.Profiling.TransactionMode.New"/>.
            </exception>
        </member>
        <member name="M:MiddleStack.Profiling.ILiveProfiler.GetRecentTransactions(System.Boolean)">
            <summary>
                Gets the snapshots of up to 100 transactions that have recently been started.
            </summary>
            <param name="inflightOnly">
                Specify <see langword="true"/> to only return transactions that are still inflight.
            </param>
            <returns>
                An array of <see cref="T:MiddleStack.Profiling.TransactionSnapshot"/> objects, each containing the state of a
                transaction that has recently started. Empty if no transactions have ever 
                been completed. Never <see langword="null"/>. 
            </returns>
        </member>
        <member name="M:MiddleStack.Profiling.ILiveProfiler.RegisterEventSubscriber(MiddleStack.Profiling.Events.IProfilerEventSubscriber)">
            <summary>
                Registers a <see cref="T:MiddleStack.Profiling.Events.IProfilerEventSubscriber"/> to handle step events raised
                by this <see cref="T:MiddleStack.Profiling.ILiveProfiler"/>.
            </summary>
            <param name="eventSubscriber"></param>
            <exception cref="T:System.ArgumentNullException">
                The argument <paramref name="eventSubscriber"/> is <see langword="null"/>.
            </exception>
        </member>
        <member name="M:MiddleStack.Profiling.ILiveProfiler.RegisterEventSubscriber(MiddleStack.Profiling.Events.IProfilerEventSubscriberAsync)">
            <summary>
                Registers a <see cref="T:MiddleStack.Profiling.Events.IProfilerEventSubscriberAsync"/> to handle step events raised
                by this <see cref="T:MiddleStack.Profiling.ILiveProfiler"/>.
            </summary>
            <param name="eventSubscriber">
                The handler to start receiving events.
            </param>
            <exception cref="T:System.ArgumentNullException">
                The argument <paramref name="eventSubscriber"/> is <see langword="null"/>.
            </exception>
        </member>
        <member name="M:MiddleStack.Profiling.ILiveProfiler.UnregisterEventSubscriber(MiddleStack.Profiling.Events.IProfilerEventSubscriber)">
            <summary>
                Unregister a previously registered <see cref="T:MiddleStack.Profiling.Events.IProfilerEventSubscriber"/>, and cause it to stop receiving events.
            </summary>
            <param name="profilerEventSubscriber">
                The handler to stop receiving events.
            </param>
            <exception cref="T:System.ArgumentNullException">
                The argument <paramref name="profilerEventSubscriber"/> is <see langword="null"/>.
            </exception>
        </member>
        <member name="M:MiddleStack.Profiling.ILiveProfiler.UnregisterEventSubscriber(MiddleStack.Profiling.Events.IProfilerEventSubscriberAsync)">
            <summary>
                Unregister a previously registered <see cref="T:MiddleStack.Profiling.Events.IProfilerEventSubscriberAsync"/>, and cause it to stop receiving events.
            </summary>
            <param name="profilerEventSubscriber">
                The handler to stop receiving events.
            </param>
            <exception cref="T:System.ArgumentNullException">
                The argument <paramref name="profilerEventSubscriber"/> is <see langword="null"/>.
            </exception>
        </member>
        <member name="T:MiddleStack.Profiling.StepSnapshot">
            <summary>
                Represents snapshot of the state of a profiled a step within a transaction.
            </summary>
        </member>
        <member name="P:MiddleStack.Profiling.StepSnapshot.RelativeStart">
            <summary>
                Gets or sets the time at which this step was started, relative to the 
                starting time of the entire transaction. If this is a transaction rather than 
                a step, this value is always <see cref="F:System.TimeSpan.Zero"/>.
            </summary>
            <value>
                A <see cref="T:System.TimeSpan"/> value indicating the relative time at which this 
                step was started.
            </value>
        </member>
        <member name="T:MiddleStack.Profiling.TransactionSnapshot">
            <summary>
                Represents snapshot of the state of a profiled transaction.
            </summary>
        </member>
        <member name="P:MiddleStack.Profiling.TransactionSnapshot.CorrelationId">
            <summary>
                Gets or sets the identifier that can associate this transaction with other transactions.
            </summary>
            <value>
                A <see cref="T:System.String"/> that provides the correlation Id, <see langword="null"/> if unspecified.
            </value>
        </member>
        <member name="T:MiddleStack.Profiling.TypeExtensions">
            <summary>
                Extension methods for the <see cref="T:System.Type"/> class.
            </summary>
        </member>
        <member name="M:MiddleStack.Profiling.TypeExtensions.ToLiveProfilerName(System.Type)">
            <summary>
                Converts a <see cref="T:System.Type"/> to a LiveProfiler-friendly
                name, with enough specificity but not too long, for use in the Name
                or DisplayName property of a step or transaction.
            </summary>
            <param name="type">
                The type to extract the name from.
            </param>
            <returns>
                A LiveProfiler-friendly name of the specified type. Never <see langword="null"/>.
            </returns>
        </member>
    </members>
</doc>
